{"cameraMode":{"drawMode":0,"name":"Shaded","section":"Shading Mode"},"sceneLighting":false,"audioPlay":false,"sceneViewState":{"showFog":true,"showMaterialUpdate":false,"showSkybox":false,"showFlares":true,"showImageEffects":true,"showParticleSystems":true,"showVisualEffectGraphs":true,"m_FxEnabled":true},"in2DMode":false,"pivot":{"x":0.21566864848136903,"y":-0.04858013242483139,"z":0.8209999799728394},"rotation":{"x":0.0449976809322834,"y":-0.8079528212547302,"z":0.062158335000276569,"w":0.5842839479446411},"size":0.5397849082946777,"orthographic":false}