{"cameraMode":{"drawMode":0,"name":"Shaded","section":"Shading Mode"},"sceneLighting":true,"audioPlay":false,"sceneViewState":{"showFog":true,"showMaterialUpdate":false,"showSkybox":true,"showFlares":true,"showImageEffects":true,"showParticleSystems":true,"showVisualEffectGraphs":true,"m_FxEnabled":true},"in2DMode":false,"pivot":{"x":2.5693840980529787,"y":-1.0731332302093506,"z":15.14734935760498},"rotation":{"x":-0.08570431172847748,"y":-0.0009003477753140032,"z":0.00007188437302829698,"w":-0.9963269233703613},"size":9.868440628051758,"orthographic":false}